,Unnamed: 0,eval_loss,eval_accuracy,eval_precision,eval_recall,eval_fbeta_score,eval_runtime,eval_samples_per_second,eval_steps_per_second,epoch,run_name,model_name,run_num,technique,dataset_size,dataset_config,run_time
0,0.0,0.6042765378952026,0.8142201834862385,0.8161208666303251,0.8142201834862385,0.8142055239883679,0.2062,2114.893,135.819,7.0,./pretrained/prajjwal1/bert-tiny-glue_sst2_fada,prajjwal1/bert-tiny,0,fada,404094,"['glue', 'sst2']",7266.471650362015
1,1.0,0.4271658658981323,0.8371559633027523,0.8376088668547832,0.8371559633027523,0.8370246976612603,0.2066,2109.886,135.497,6.0,./pretrained/prajjwal1/bert-tiny-glue_sst2_uniform,prajjwal1/bert-tiny,0,uniform,404094,"['glue', 'sst2']",5908.627305984497
2,2.0,0.5804018378257751,0.8119266055045872,0.8119266055045872,0.8119266055045872,0.8119266055045872,0.2215,1968.002,126.385,7.0,./pretrained/prajjwal1/bert-tiny-glue_sst2_orig,prajjwal1/bert-tiny,0,orig,67349,"['glue', 'sst2']",1125.485891342163
3,3.0,0.4852294325828552,0.805045871559633,0.8095092465053418,0.805045871559633,0.8046093465390219,1.3849,314.82,20.218,6.0,./pretrained/bert-base-uncased-glue_sst2_fada,bert-base-uncased,0,fada,404094,"['glue', 'sst2']",43021.133791685104
4,4.0,0.5642514228820801,0.7614678899082569,0.7659256462856382,0.7614678899082569,0.7600264707581574,1.192,365.786,23.491,10.0,./pretrained/bert-base-uncased-glue_sst2_uniform,bert-base-uncased,0,uniform,404094,"['glue', 'sst2']",75165.28577923775
5,5.0,0.5336548089981079,0.8669724770642202,0.8671502317782055,0.8669724770642202,0.866896770571813,1.2125,359.602,23.094,10.0,./pretrained/bert-base-uncased-glue_sst2_orig,bert-base-uncased,0,orig,67349,"['glue', 'sst2']",10589.315120220184
6,,0.449374794960022,0.8325688073394495,0.8328136820976957,0.8325688073394495,0.8324762167109209,0.2187,1993.612,128.03,6.0,./pretrained/prajjwal1/bert-tiny-glue_sst2_fada,prajjwal1/bert-tiny,1,fada,404094,"['glue', 'sst2']",5987.423139572144
7,,0.4257267117500305,0.8463302752293578,0.8464346669801798,0.8463302752293578,0.8463424025179581,0.2187,1993.325,128.012,6.0,./pretrained/prajjwal1/bert-tiny-glue_sst2_uniform,prajjwal1/bert-tiny,1,uniform,404094,"['glue', 'sst2']",5971.795450687408
8,,0.7029514908790588,0.8256880733944955,0.8259517030475589,0.8256880733944955,0.8255410491649025,0.25,1744.206,112.013,8.0,./pretrained/prajjwal1/bert-tiny-glue_sst2_orig,prajjwal1/bert-tiny,1,orig,67349,"['glue', 'sst2']",1336.2794070243835
