quality_model_id,dataset.builder_name,dataset.config_name,dataset_size,eval_dupes,comp_dupes,dupe_score,eval_alignment,comp_alignment,alignment_score,eval_fluency,comp_fluency,fluency_score,eval_grammaticality,comp_grammaticality,grammaticality_score,eval_gutcheck_accuracy,eval_gutcheck_precision,eval_gutcheck_recall,eval_gutcheck_f1,comp_gutcheck_accuracy,comp_gutcheck_precision,comp_gutcheck_recall,comp_gutcheck_f1,gutcheck_accuracy_score,gutcheck_precision_score,gutcheck_recall_score,gutcheck_f1_score
textattack/bert-base-uncased-ag-news,ag_news,default,113,0,0,0,0.9784151,0.97787464,1.0005527,118.1114261424647,94.08539689325653,0.7965816683965171,2.9557522123893807,1.8141592920353982,0.6137724550898203,1.0,1.0,1.0,1.0,0.9823008849557522,0.9834427633457037,0.9823008849557522,0.9823598820058996,1.018018018018018,1.0168359941944847,1.018018018018018,1.0179568794666989
textattack/bert-base-uncased-ag-news,ag_news,default,1000,0,0,0,0.99395424,0.99061686,1.003369,113.28526864337921,90.9120893650055,0.802505837287598,2.432,1.962,0.8067434210526316,0.999,0.999003984063745,0.999,0.998999995999984,0.996,0.9960227286214467,0.996,0.9960015792783742,1.0030120481927711,1.002993160052105,1.0030120481927711,1.003010453782395
textattack/bert-base-uncased-ag-news,ag_news,default,1000,0,0,0,0.9901344,0.9908375,0.9992904,117.09652147579193,91.62302102661133,0.7824572401627926,2.593,2.066,0.7967605090628614,0.995,0.9950589760617272,0.995,0.9950078489355839,0.997,0.9970153846153846,0.997,0.9969998610038611,0.9979939819458375,0.998037734839556,0.9979939819458375,0.9980019936349124
