eval_loss,eval_accuracy,eval_precision,eval_recall,eval_f1,eval_runtime,eval_samples_per_second,eval_steps_per_second,epoch,run_num,technique,base_model,trained_model,dataset.builder_name,dataset.config_name,train_size,valid_size,test_size,run_time
1.324339747428894,0.5060526315789474,0.519123244374232,0.5060526315789474,0.46998192714671416,6.5898,1153.299,18.058,40.0,0,ag_news.default.context_sub.10,prajjwal1/bert-tiny,./eval/pretrained/prajjwal1.bert-tiny.ag_news.default.context_sub.10,ag_news,default,40,248,7600,57.79454588890076
0.6764729619026184,0.7517105263157895,0.7734273825528467,0.7517105263157895,0.7516412213616391,32.9462,230.679,3.612,26.4,0,ag_news.default.context_sub.10,bert-base-uncased,./eval/pretrained/bert-base-uncased.ag_news.default.context_sub.10,ag_news,default,40,248,7600,175.8497486114502
0.8549434542655945,0.6780263157894737,0.7219127077152532,0.6780263157894737,0.6851645271229575,65.9274,115.278,1.805,14.0,0,ag_news.default.context_sub.10,bert-large-uncased,./eval/pretrained/bert-large-uncased.ag_news.default.context_sub.10,ag_news,default,40,248,7600,243.772602558136
1.2902215719223022,0.5598684210526316,0.5707179961823045,0.5598684210526316,0.539690531120115,8.3387,911.413,14.271,40.0,1,ag_news.default.context_sub.10,prajjwal1/bert-tiny,./eval/pretrained/prajjwal1.bert-tiny.ag_news.default.context_sub.10,ag_news,default,40,248,7600,47.952008962631226
0.6951845288276672,0.7536842105263157,0.7744189763992345,0.7536842105263157,0.7544836884789927,42.4399,179.077,2.804,21.6,1,ag_news.default.context_sub.10,bert-base-uncased,./eval/pretrained/bert-base-uncased.ag_news.default.context_sub.10,ag_news,default,40,248,7600,160.65328884124756
