quality_model_id,dataset.builder_name,dataset.config_name,dataset_size,eval_dupes,comp_dupes,dupe_score,eval_alignment,comp_alignment,alignment_score,eval_fluency,comp_fluency,fluency_score,eval_grammaticality,comp_grammaticality,grammaticality_score,eval_gutcheck_accuracy,eval_gutcheck_precision,eval_gutcheck_recall,eval_gutcheck_f1,comp_gutcheck_accuracy,comp_gutcheck_precision,comp_gutcheck_recall,comp_gutcheck_f1,gutcheck_accuracy_score,gutcheck_precision_score,gutcheck_recall_score,gutcheck_f1_score
textattack/bert-base-uncased-ag-news,ag_news,default,113,0,0,0,0.978415,0.99114364,0.98715764,118.11142504531725,90.56580248132217,0.7667827430460151,2.9557522123893807,2.0088495575221237,0.6796407185628741,1.0,1.0,1.0,1.0,0.9911504424778761,0.9914032869785082,0.9911504424778761,0.9910506890114431,1.0089285714285714,1.008671257332313,1.0089285714285714,1.009030124379898
textattack/bert-base-uncased-ag-news,ag_news,default,1000,0,0,0,0.99358374,0.9920497,1.0015464,112.27298104572296,89.44017048549652,0.7966312967950159,2.424,1.941,0.8007425742574258,0.999,0.999003984063745,0.999,0.998999995999984,0.998,0.998,0.998,0.998,1.001002004008016,1.0010059960558568,1.001002004008016,1.001001999999984
textattack/bert-base-uncased-ag-news,ag_news,default,1000,0,0,0,0.98514724,0.9901018,0.9949959,115.55012636756896,81.79615580081939,0.7078846070719385,2.456,2.044,0.8322475570032574,0.992,0.992027281087418,0.992,0.9919877467856566,0.997,0.997015625,0.997,0.9969995547564003,0.9949849548645938,0.9949967244369095,0.9949849548645938,0.9949731091184205
