quality_model_id,dataset.builder_name,dataset.config_name,dataset_size,eval_dupes,comp_dupes,dupe_score,eval_alignment,comp_alignment,alignment_score,eval_fluency,comp_fluency,fluency_score,eval_grammaticality,comp_grammaticality,grammaticality_score,eval_gutcheck_accuracy,eval_gutcheck_precision,eval_gutcheck_recall,eval_gutcheck_f1,comp_gutcheck_accuracy,comp_gutcheck_precision,comp_gutcheck_recall,comp_gutcheck_f1,gutcheck_accuracy_score,gutcheck_precision_score,gutcheck_recall_score,gutcheck_f1_score
distilbert-base-uncased-finetuned-sst-2-english,glue,sst2,80,11,0,0.0,0.8779472,0.88092136,0.9966238,8088.538857841491,247.99334886074067,0.030659845148709616,1.85,3.85,2.081081081081081,0.875,0.8759398496240601,0.875,0.8749218261413383,0.8875,0.8878125000000001,0.8875,0.8875175808720114,0.9859154929577465,0.9866270745501556,0.9859154929577465,0.9858078814412923
distilbert-base-uncased-finetuned-sst-2-english,glue,sst2,1000,84,0,0.0,0.92941165,0.89201677,1.0419217,7173.15719613266,246.37718051070468,0.034347104597615204,1.652,3.706422018348624,2.2435968634071575,0.932,0.9320622169592422,0.932,0.9319975519118688,0.8990825688073395,0.8990825688073395,0.8990825688073395,0.8990825688073395,1.0366122448979591,1.0366814453934428,1.0366122448979591,1.0366095220244256
distilbert-base-uncased-finetuned-sst-2-english,glue,sst2,1000,6,0,0.0,0.9179274,0.89201677,1.0290473,5907.352469478607,246.37717904957063,0.04170686958709885,1.636,3.706422018348624,2.2655391310199415,0.92,0.9200604887103744,0.92,0.9199971198963163,0.8990825688073395,0.8990825688073395,0.8990825688073395,0.8990825688073395,1.023265306122449,1.023332584381947,1.023265306122449,1.0232621027418212
