quality_model_id,dataset.builder_name,dataset.config_name,dataset_size,eval_dupes,comp_dupes,dupe_score,eval_alignment,comp_alignment,alignment_score,eval_fluency,comp_fluency,fluency_score,eval_grammaticality,comp_grammaticality,grammaticality_score,eval_gutcheck_accuracy,eval_gutcheck_precision,eval_gutcheck_recall,eval_gutcheck_f1,comp_gutcheck_accuracy,comp_gutcheck_precision,comp_gutcheck_recall,comp_gutcheck_f1,gutcheck_accuracy_score,gutcheck_precision_score,gutcheck_recall_score,gutcheck_f1_score
distilbert-base-uncased-finetuned-sst-2-english,glue,sst2,28,0,0,0.0,0.9603282,0.94156694,1.0199256,1472.783168247768,221.31913239615304,0.1502727198189437,3.0357142857142856,3.7142857142857144,1.223529411764706,0.9642857142857143,0.9668367346938774,0.9642857142857143,0.9643313264002921,0.9642857142857143,0.9675324675324675,0.9642857142857143,0.9646258503401359,1.0,0.99928092042186,1.0,0.9996946754643368
distilbert-base-uncased-finetuned-sst-2-english,glue,sst2,465,0,0,0.0,0.9857631,0.89201677,1.1050948,1449.1178261705625,246.37717481490668,0.17001873164860776,2.1010752688172043,3.706422018348624,1.7640596095518015,0.9870967741935484,0.9871306961038775,0.9870967741935484,0.987095460608572,0.8990825688073395,0.8990825688073395,0.8990825688073395,0.8990825688073395,1.0978933508887425,1.0979310803604352,1.0978933508887425,1.0978918898605545
distilbert-base-uncased-finetuned-sst-2-english,glue,sst2,1000,1,0,0.0,0.9793186,0.89201677,1.0978702,2034.3469412345887,246.3771799507491,0.12110873271263634,2.096,3.706422018348624,1.7683311156243433,0.982,0.982,0.982,0.982,0.8990825688073395,0.8990825688073395,0.8990825688073395,0.8990825688073395,1.0922244897959184,1.0922244897959184,1.0922244897959184,1.0922244897959184
