quality_model_id,dataset.builder_name,dataset.config_name,dataset_size,eval_dupes,comp_dupes,dupe_score,eval_alignment,comp_alignment,alignment_score,eval_fluency,comp_fluency,fluency_score,eval_grammaticality,comp_grammaticality,grammaticality_score,eval_gutcheck_accuracy,eval_gutcheck_precision,eval_gutcheck_recall,eval_gutcheck_f1,comp_gutcheck_accuracy,comp_gutcheck_precision,comp_gutcheck_recall,comp_gutcheck_f1,gutcheck_accuracy_score,gutcheck_precision_score,gutcheck_recall_score,gutcheck_f1_score
distilbert-base-uncased-finetuned-sst-2-english,glue,sst2,28,0,0,0,0.96032816,0.85200864,1.1271343,1472.783168247768,251.18789264133997,0.1705532070550404,3.0357142857142856,3.607142857142857,1.188235294117647,0.9642857142857143,0.9668367346938774,0.9642857142857143,0.9643313264002921,0.8571428571428571,0.8571428571428571,0.8571428571428571,0.8571428571428571,1.125,1.1279761904761905,1.125,1.1250532141336742
distilbert-base-uncased-finetuned-sst-2-english,glue,sst2,465,0,0,0,0.9857631,0.89201677,1.1050948,1449.1177674488354,246.37717847211644,0.17001874106192366,2.1010752688172043,3.706422018348624,1.7640596095518015,0.9870967741935484,0.9871306961038775,0.9870967741935484,0.987095460608572,0.8990825688073395,0.8990825688073395,0.8990825688073395,0.8990825688073395,1.0978933508887425,1.0979310803604352,1.0978933508887425,1.0978918898605545
distilbert-base-uncased-finetuned-sst-2-english,glue,sst2,1000,0,0,0,0.97860813,0.89201677,1.0970737,1521.904572856903,246.37717801715254,0.16188740241095137,2.162,3.706422018348624,1.7143487596432119,0.982,0.982,0.982,0.982,0.8990825688073395,0.8990825688073395,0.8990825688073395,0.8990825688073395,1.0922244897959184,1.0922244897959184,1.0922244897959184,1.0922244897959184
