quality_model_id,dataset.builder_name,dataset.config_name,dataset_size,eval_dupes,comp_dupes,dupe_score,eval_alignment,comp_alignment,alignment_score,eval_fluency,comp_fluency,fluency_score,eval_grammaticality,comp_grammaticality,grammaticality_score,eval_gutcheck_accuracy,eval_gutcheck_precision,eval_gutcheck_recall,eval_gutcheck_f1,comp_gutcheck_accuracy,comp_gutcheck_precision,comp_gutcheck_recall,comp_gutcheck_f1,gutcheck_accuracy_score,gutcheck_precision_score,gutcheck_recall_score,gutcheck_f1_score
textattack/bert-base-uncased-imdb,imdb,plain_text,58,0,0,0,0.98192525,0.9801835,1.0017769,53.429198001993115,45.83209889510582,0.8578099729925969,14.568965517241379,9.672413793103448,0.663905325443787,0.9827586206896551,0.9833147942157953,0.9827586206896551,0.9827432036589753,0.9827586206896551,0.9832810867293627,0.9827586206896551,0.9827222135538565,1.0,1.0000342806211646,1.0,1.000021359143845
textattack/bert-base-uncased-imdb,imdb,plain_text,1000,0,0,0,0.97823745,0.9768639,1.0014061,58.2679284992218,43.982738929748535,0.7548361519379558,13.334,10.328,0.7745612719364031,0.983,0.9832338852004371,0.983,0.982997942751073,0.979,0.9790212903923052,0.979,0.9790018285378003,1.0040858018386107,1.0043028633283795,1.0040858018386107,1.0040818250760994
