quality_model_id,dataset.builder_name,dataset.config_name,dataset_size,eval_dupes,comp_dupes,dupe_score,eval_alignment,comp_alignment,alignment_score,eval_fluency,comp_fluency,fluency_score,eval_grammaticality,comp_grammaticality,grammaticality_score,eval_gutcheck_accuracy,eval_gutcheck_precision,eval_gutcheck_recall,eval_gutcheck_f1,comp_gutcheck_accuracy,comp_gutcheck_precision,comp_gutcheck_recall,comp_gutcheck_f1,gutcheck_accuracy_score,gutcheck_precision_score,gutcheck_recall_score,gutcheck_f1_score
textattack/bert-base-uncased-imdb,imdb,plain_text,80,3,0,0.0,0.9529913,0.9983324,0.95458317,587.1025554418563,43.392541074752806,0.07390964435863401,10.9875,9.8375,0.8953356086461888,0.9625,0.9651162790697676,0.9625,0.962447191362854,1.0,1.0,1.0,1.0,0.9625,0.9651162790697676,0.9625,0.962447191362854
textattack/bert-base-uncased-imdb,imdb,plain_text,1000,21,0,0.0,0.92019373,0.97610825,0.9427169,683.6855334568023,43.99973003864288,0.06435667845153102,10.692,10.163,0.9505237560793116,0.923,0.927447160255296,0.923,0.9227992007210756,0.978,0.9781244924492449,0.978,0.977999647998592,0.9437627811860941,0.9481892820544227,0.9437627811860941,0.9435578045549605
textattack/bert-base-uncased-imdb,imdb,plain_text,1000,3,0,0.0,0.90720737,0.98123693,0.9245548,676.3996189727783,43.70270912408829,0.0646107831794138,11.2,10.312,0.9207142857142857,0.913,0.9176932008042364,0.913,0.9127549285944216,0.982,0.9822994344176663,0.982,0.9820082198694914,0.929735234215886,0.9342295929838031,0.929735234215886,0.9294778904353026
