eval_loss,eval_accuracy,eval_precision,eval_recall,eval_f1,eval_runtime,eval_samples_per_second,eval_steps_per_second,epoch,run_num,technique,model_checkpoint,checkpoint,dataset_config,train_size,valid_size,test_size,run_time
0.4675151705741882,0.7752293577981652,0.7760454058810703,0.7752293577981652,0.7752293577981653,0.5473,796.592,51.157,1.2,0,nlaug.uniform,prajjwal1/bert-tiny,./pretrained/prajjwal1/bert-tiny-glue_sst2_nlaug.uniform,"['glue', 'sst2']",134698,436,436,1917.3128571510315
0.20941515266895294,0.9128440366972477,0.9131788909719116,0.9128440366972477,0.9128385347741808,22.4337,19.435,1.248,1.2,0,nlaug.uniform,bert-base-uncased,./pretrained/bert-base-uncased-glue_sst2_nlaug.uniform,"['glue', 'sst2']",134698,436,436,74581.17978549004
0.49837735295295715,0.786697247706422,0.7880196880042826,0.786697247706422,0.7868578477979201,0.4693,929.043,59.663,1.7,1,nlaug.uniform,prajjwal1/bert-tiny,./pretrained/prajjwal1/bert-tiny-glue_sst2_nlaug.uniform,"['glue', 'sst2']",134698,436,436,2499.721112728119
0.2902734875679016,0.9105504587155964,0.911356273505575,0.9105504587155964,0.9103681222351705,26.3238,16.563,1.064,1.4,1,nlaug.uniform,bert-base-uncased,./pretrained/bert-base-uncased-glue_sst2_nlaug.uniform,"['glue', 'sst2']",134698,436,436,86094.15998792648
0.5068444013595581,0.7798165137614679,0.7852647306945555,0.7798165137614679,0.7797562821826303,0.6038,722.083,46.372,1.8,2,nlaug.uniform,prajjwal1/bert-tiny,./pretrained/prajjwal1/bert-tiny-glue_sst2_nlaug.uniform,"['glue', 'sst2']",134698,436,436,3323.852262020111
0.27922406792640686,0.908256880733945,0.9082448623232906,0.908256880733945,0.9082316952086474,26.5116,16.446,1.056,1.3,2,nlaug.uniform,bert-base-uncased,./pretrained/bert-base-uncased-glue_sst2_nlaug.uniform,"['glue', 'sst2']",134698,436,436,87380.01766085625
