trial_num,transform,feature,builder_name,config_name,model_id,dataset_size,alignment_score,fluency_score,grammaticality_score,semantic_diversity,syntactic_diversity,morphological_diversity,mattr_diversity,unique_bigram_diversity,aug_time,a_time,f_time,g_time,sem_time,syn_time,mor_time,mtr_time,ubi_time,total_time
0,0,0,SetFit/sst5,default,SetFit/distilbert-base-uncased__sst5__all-train,75,6.4946365,2.9467438257106036,1.2455820105820108,0.8763409726208218,0.6915702264430467,0.9990144727961434,0.7339481920839397,1.2688741721854304,0.997614860534668,16.251121044158936,7.786081314086914,17.11416244506836,3.4903910160064697,6.059729099273682,4.9602744579315186,0.027805805206298828,0.06819844245910645,56.75537848472595
