eval_loss,eval_accuracy,eval_precision,eval_recall,eval_f1,eval_runtime,eval_samples_per_second,eval_steps_per_second,epoch,run_num,technique,model_checkpoint,checkpoint,dataset_config,train_size,valid_size,test_size,run_time
0.4700285792350769,0.8188073394495413,0.8189478276184099,0.8188073394495413,0.8188388138951166,0.2041,2135.742,137.158,1.9,0,fada_v2_inverselikelihood,prajjwal1/bert-tiny,./pretrained/prajjwal1/bert-tiny-glue_sst2_fada_v2_inverselikelihood,"['glue', 'sst2']",134698,436,436,652.3593072891235
0.27007657289505005,0.9059633027522935,0.9059480461360077,0.9059633027522935,0.9059508949567406,1.2813,340.268,21.852,1.2,0,fada_v2_inverselikelihood,bert-base-uncased,./pretrained/bert-base-uncased-glue_sst2_fada_v2_inverselikelihood,"['glue', 'sst2']",134698,436,436,2688.6356103420258
0.5116817355155945,0.7958715596330275,0.8054082466317419,0.7958715596330275,0.7954578765192426,0.1718,2537.371,162.95,1.6,1,fada_v2_inverselikelihood,prajjwal1/bert-tiny,./pretrained/prajjwal1/bert-tiny-glue_sst2_fada_v2_inverselikelihood,"['glue', 'sst2']",134698,436,436,539.2774479389191
0.3092363476753235,0.8853211009174312,0.8858476876989327,0.8853211009174312,0.8851147347393425,1.3598,320.624,20.591,1.1,1,fada_v2_inverselikelihood,bert-base-uncased,./pretrained/bert-base-uncased-glue_sst2_fada_v2_inverselikelihood,"['glue', 'sst2']",134698,436,436,2460.977049589157
0.4899775981903076,0.7935779816513762,0.7959941850450297,0.7935779816513762,0.7937170214886068,0.1718,2537.294,162.945,1.9,2,fada_v2_inverselikelihood,prajjwal1/bert-tiny,./pretrained/prajjwal1/bert-tiny-glue_sst2_fada_v2_inverselikelihood,"['glue', 'sst2']",134698,436,436,647.9195754528046
0.29795441031455994,0.8944954128440367,0.8945218092733762,0.8944954128440367,0.8944329946467672,1.3125,332.182,21.333,1.1,2,fada_v2_inverselikelihood,bert-base-uncased,./pretrained/bert-base-uncased-glue_sst2_fada_v2_inverselikelihood,"['glue', 'sst2']",134698,436,436,2456.753762483597
